id2,id2_pred,id2_in_database
173777575861152844,0,0
14366783259208998381,0,0
16985421652518589249,0,0
2629180387521298831,0,0
14531191561111600318,0,0
5879642233655188745,0,0
14122795775767509996,0,0
374482498662209919,0,0
10956664061628703401,0,0
16832509424695734198,0,0
9161312902389503914,0,0
6595073485018777246,0,0
7449919663125419361,0,0
472409409448966793,0,0
3989240797250780219,0,0
5872522275235264187,0,0
17626731790037521069,0,0
13399392134249501112,0,0
1616883042292906064,0,0
2226760854896715617,0,0
13339653253629053784,0,0
8627666463190878695,0,0
14586067526081429195,0,0
11594206611029735520,0,0
16065831684866237607,0,0
16724589281329805927,0,0
3340034334621716454,0,0
15109957274592244514,0,0
14168920912213365568,0,0
18441960107024938048,0,0
13019040374299001,0,0
15247858540250449162,0,0
7691925409402919851,0,0
5011543773252845561,0,0
16551728314534170723,0,0
7917252194019529884,0,0
15872294383265042178,0,0
2191062068342455122,0.8571428571428571,1
5007658946180967524,0,0
11920469529161855,0,0
12888359477406202340,0,0
8537018422111626685,0,0
6627651625841783711,0,0
16027884528707561911,0,0
15934270406326571360,0,0
15727904128262950318,0,0
3727586171411301436,0,0
17872730860085763096,0,0
3373394804567554688,0,0
9142916060826063233,0,0
1500754368432097106,0,0
12053749469243149078,0,0
11577458375445688772,0,0
11701319127821028084,0,0
5693951980862289701,0,0
7005754775454649944,0,0
18040562023416977861,0,0
2440239511635295661,0,0
327282230759242075,0,0
7790100981865626020,0,0
13045929735136768937,0,0
14113902356920508959,0,0
4424560142656345111,0,0
15291643425364931962,0,0
2453847171155822364,0,0
16160728979959705784,0,0
17701612652101967730,0,0
11853241915228220340,0,0
6982842843913066548,0,0
5553915940977950659,0,0
13718977250422771170,0,0
9204158149970671432,0,0
16377324920003042615,0,0
13669343433924914553,0,0
14965144794337153840,0,0
16490053145312862099,0,0
2690981557285412948,0,0
11253309069675330304,0,0
10140228973496014625,0,0
11636185687614210381,0,0
16839592796312583572,0,0
4719958874970942221,0,0
391894388111194957,0,0
17814433773054004579,0,0
1886623432010494769,0,0
11409480701259958471,0,0
13461038316570832459,0,0
14308955044124631052,0,0
12244688105647578967,0,0
10264391321744841819,0,0
2200374631604625211,0,0
13175786626800344327,0,0
7624773903064016071,0,0
10172710868333265625,0,0
11649758503180519249,0,0
17112142862233512996,0,0
1255659683154741256,0,0
1048585946838393020,0,0
9783945889630720320,0,0
12990874558149085716,0,0
5207533166456948394,0,0
12184910356010552516,0,0
16613816408644405252,0,0
1030646774639713056,0,0
4117302088711369624,0,0
15357416077726724140,0,0
4056649022696729847,0,0
4986834563834208929,0,0
4703244123056866639,0,0
13623569498489963705,0,0
13503582423681529036,0,0
5260814868183716296,0,0
2783871550187290099,0,0
5422260035429323153,0,0
1479524495622370387,0,0
2357507506759126878,0,0
9987926492171777421,0,0
9148461825079506558,0,0
12750904341721536730,0,0
6132666542458980913,0,0
2397645662434037200,0,0
4150480240161270935,0,0
16049687296886631451,0,0
14562737549418402392,0,0
2945252506229220504,0,0
13469553527392316193,0,0
11276419833585692919,0,0
8694479476652188009,0,0
11796103130795241893,0,0
3367443854200457583,0,0
12271218803074264839,0,0
1250169722545703340,0,0
65744834220087371,0,0
3378193962887803737,0,0
2258943894123138377,0,0
14365366527114855024,0,0
7097058592695199366,0,0
15395551240537998966,0,0
16506799327243135263,0,0
15553460890841062426,0,0
4664707224657653788,0,0
9134904514755665540,0,0
16054281645127884834,0,0
12540256564528009708,0,0
248480161454795338,0,0
4436474991508629985,0,0
3391102015759203896,0,0
7151069417329834475,0,0
5140132069891418059,0,0
2218673481279306091,0,0
12679844511849240888,0,0
15934411801658155516,0,0
8020617560248869683,0,0
10628365344611249163,0,0
14760373482449694856,0,0
17275849723480860316,0,0
15927502417643569691,0,0
99991276594290410,0,0
8703386553333331557,0,0
4649860899411228618,0,0
6174950124678348906,0,0
3981140813496213679,0,0
12718749944385968746,0,0
11163201630348265306,0,0
15356781792884754088,0,0
990862671139630212,0,0
9929173360230496743,0,0
5106770050588699571,0,0
1048997207253749644,0,0
4307963294338079872,0,0
9677650994019168475,0,0
12909068231704962234,0,0
375855597880719768,0,0
7368526619374617543,0,0
12428236086248922029,0,0
13031530770235532044,0,0
928536330030890563,0,0
10479431733145854605,0,0
2914316902837816939,0,0
5759016082431251889,0,0
3687264766657501212,0,0
15558978771518665612,0,0
2408760514990085286,0,0
6411368288790429494,0,0
12958657937297470001,0,0
7477888151182814155,0,0
11968078064670695817,0,0
11096325050132779774,0,0
4639525776174874161,0,0
6764657384143756298,0,0
16925655998065207162,0,0
14303114573423958482,0,0
12238531001477589757,0,0
11707008770414630462,0,0
4281553205351983461,0,0
1294046867806688821,0,0
7347481158427751108,0,0
4077421060970426884,0,0
6319258205237518326,0,0
1363273858559903152,0,0
15481309219801892499,0,0
10085243098968786028,0,0
11114034809671176256,0,0
14619326026055027993,0,0
15350444670771813934,0,0
6611442727964827253,0,0
12938265140767641649,0,0
2308071887223592484,0,0
14938112021938167876,0,0
18015847186536694860,0,0
1387957488545944357,0,0
2735258034660040888,0,0
14027162784757251028,0,0
13815619659284711422,0,0
12926060020219582475,0,0
1719326500292848723,0,0
7233648978727853787,0,0
4832908881669417301,0,0
3982977656637528956,0,0
12038440474448811423,0,0
9919987993579347905,0,0
15754915810239756500,0,0
5957876770058732992,0,0
10201147066810497464,0,0
7815563305682603290,0,0
13407098864999209525,0,0
15690028926834113858,0,0
16220273750705480023,0,0
15409563875604710621,0,0
7807257176400198898,0,0
8516001665551282417,0,0
4707051732118680101,0,0
6786035151004784488,0,0
4016834159529058110,0,0
3473133390396119454,0,0
3973495218194849839,0,0
2408628128569972888,0,0
7671514424494227596,0,0
2577488059237533079,0,0
7954997857420414293,0,0
5645928453408941816,0,0
16000370704304211758,0,0
13595687716871112891,0,0
9073591285183187706,0,0
18207230346998984851,0,0
5550452331376472677,0,0
17842741126868853757,0,0
9986558660354882833,0,0
4188513905842519074,0,0
12931408105781286510,0,0
18183400238281517045,0,0
2117188314688075227,0,0
3734884571671233967,0,0
12303380566448797209,0,0
17269123014121781573,0,0
9190857005551388149,0,0
6455927031948763196,0,0
9556269904986309594,0,0
13826026673912676377,0,0
6279545023998014830,0,0
15494922933944299367,0,0
14093976641772367078,0,0
6394556973009843734,0,0
1963883385967145117,0,0
2129018574226009666,0,0
7679606157396992741,0,0
16243184738108559613,0,0
616570828657540572,0,0
10046315840945137316,0,0
1778631225418163879,0,0
17539570109856154489,0,0
18254603979012461829,0,0
13148803379365368693,0,0
1384623320321089928,0,0
13686108839353402870,0,0
9142057928309020101,0,0
11269489013252344096,0,0
756764366047020138,0,0
2459148727391653646,0,0
14158176952577907031,0,0
925791880412727343,0,0
18337712866225462969,0,0
15523495220764369925,0,0
13309520638001385226,0,0
7424243458188469925,0,0
3597765291393838016,0,0
16712611122856710937,0,0
14170312806538596700,0,0
16926055581419530262,0,0
13832207322160363336,0,0
16996235172541383095,0,0
1154400410821751968,0,0
12228216729946673135,0,0
1020615293376595189,0,0
6755096690181510452,0,0
13338816702939434335,0,0
4713786547310618934,0,0
3890426531054268896,0,0
6748643342672709206,0,0
3764502964590894699,0,0
9762926994645400476,0,0
15801377505125882183,0,0
13612343202032314666,0,0
8756900256119687844,0,0
2118632215815188356,0,0
17686790885355263129,0,0
12051995097094152758,0,0
17381657955799611672,0,0
11812590311862078969,0,0
11474588365843794011,0,0
7201835541909782818,0,0
8979650020138524579,0,0
3380573259900693560,0,0
4560669353037786964,0,0
13945455664095753909,0,0
4474089185427702140,0,0
2878514538571994784,0,0
8240554459205068076,0,0
1338883236496361504,0,0
1932831828409781687,0,0
12941992356168420377,0,0
16476755060275086129,0,0
17964825126272252659,0,0
12636084213127599362,0,0
5783866196365571292,0,0
17163190472521893796,0,0
6230116423854570122,0,0
5629473366658913541,0,0
2451726743642323933,0,0
5452092114559255127,0,0
14867992691735024653,0,0
3695452165467293915,0,0
10797325331923390959,0,0
8510386984917077500,0,0
9364530628348777428,0,0
9818303458746379165,0,0
1601278068521468074,0,0
17155159852366924161,0,0
17685302430337235123,0,0
16090185716548116437,0,0
4438570338877699290,0,0
11550198413499875215,0,0
13650100916489120606,0,0
3388126811737704931,0,0
1196883937922769288,0,0
12106761174808513790,0,0
9046239310974409809,0,0
10976748465624799747,0,0
10684084284972821938,0.6666666666666666,1
1581163245199396413,0,0
11837584076037728884,0,0
3532649844039505800,0,0
12196648449637760598,0,0
18157767739679960601,0,0
6008971867045110369,0,0
63075644638995712,0,0
15217570900179273891,0,0
14523060649942256467,0,0
9765511455132632879,0,0
2642710913439535984,0,0
6910221851803342515,0,0
712807159080930781,0,0
8591865062308211015,0,0
11418478943183372085,0,0
1030899203381889061,0,0
16443907507530121007,1.0,1
5561072876759097566,0,0
7032248274658196201,0,0
12591668665965950992,0,0
4402893815674249491,0,0
7952400055670975730,0,0
3347577071464094057,0,0
11912960393099920442,0,0
1647996943585391743,0,0
249453964162838813,0,0
593291551395806367,0,0
8480878322658881348,0,0
3248503705526336744,0,0
17603472928185576918,0,0
16209717094043578162,0,0
2045316043313481292,0,0
13971728380831268069,0,0
16203772552718756243,0,0
13883095774421043309,0,0
10000090015879765188,0,0
12636549048036875325,0,0
15829920011811160124,0,0
3123408426353631144,0,0
13914292986616163317,0,0
1459639036560503067,0,0
12742551593004283800,0,0
1315969355401638080,0,0
12378452496319664684,0,0
10332366972852323960,0,0
10178151263134959142,0,0
1052405008678105558,0,0
10532145521707401070,0,0
1292231652278145220,0,0
6423357544607357450,0,0
17669109457453394119,0,0
9618677833605694436,0,0
11968171612375537044,0,0
648395088979043070,0,0
14133731665617786713,0,0
12090213746570696925,0,0
5850695483357674592,0,0
8775499090592051223,0,0
10554999522533011258,0,0
1494941448533997693,0,0
17312677487485542503,1.0,1
4527299333261729882,0,0
3581509603816080909,0,0
17190669533142530513,0,0
9814716459053404093,0,0
16680748159313801559,0,0
13073596776065212425,0,0
17614270347086903802,0,0
11629638145788032237,0,0
5489282714722252410,0,0
2993000365241485410,0,0
17470375664476428879,0,0
15643914795098648272,0,0
9001504805211751879,0,0
10214432006995032302,0,0
8158068022533058519,0,0
8845554943650517785,0,0
2605205831994423583,0,0
9698183853709972751,0,0
13002886110479970455,0,0
14831930019791234918,0,0
7841789784234037798,0,0
15257362419350733307,0,0
13257422684644579755,0,0
12204933813301145207,0,0
7184918404601862719,0,0
10991191606362599054,0,0
11157718038127764648,0,0
6261351654194124112,0,0
2311243589822934603,0,0
9724653466049769591,0,0
11760543119335168774,0,0
14805384696034468613,0,0
17473154093340538614,0,0
2223979111944658642,0,0
17525859709427888584,0,0
1750141881488684864,0,0
663521113513853997,0,0
11296503837370193406,0,0
4566200344071020012,0,0
7825633963170945607,0,0
5730921423293132204,0,0
1956419903358761514,0,0
12435034802173333989,0,0
9228068764775823000,0,0
12949904321381303110,0,0
9740727863637534731,0,0
18186960385029794227,0,0
8367693956191406959,0,0
18028181370591636600,0,0
15252526585313260727,0,0
6338670853874471146,0,0
300945171401341435,0,0
126344338866410981,0,0
10923866265960507899,0,0
9386573909343956359,0,0
14379430465953508602,0,0
3432211676743045931,0,0
9014488886648632870,0,0
5525914555088446470,0,0
14175052803474714980,0,0
1235518758601925170,0,0
10345451638883218138,0,0
2794443740836227327,0,0
14293268322841045791,0,0
324998253003775819,0,0
3774447425856504694,0,0
9815261375808289450,0,0
11745344255716783881,0,0
14366562572553064058,0,0
1335231212722652981,0,0
15046622569461799340,0,0
13207260197628940231,0,0
13319870280886347396,0,0
17207312183608542815,0,0
10622958314601071142,0,0
9833271091462360480,0,0
12181684121925815983,0,0
2809748101191573671,0,0
15360057339722949534,0,0
1589100688073892142,0,0
2303877497702172368,0,0
17545552898936051798,0,0
2386232430450575515,0,0
13494365919880139270,0,0
4255696731367018107,0,0
11464556929860954305,0,0
6772490889334440528,0,0
6760751139949225871,0,0
9500075537647050677,0,0
8531733740162519930,0,0
7228660716035478942,0,0
7838123402022324589,0,0
7010914022722343716,0,0
17292803795903596230,0,0
14366118074032556899,0,0
12138376477820887354,0,0
16384558298599886884,0,0
12236022388045992505,0,0
2788027242810409307,0,0
6309189662134896471,0,0
5849471123497421576,0,0
267623967168732995,0,0
15014309843512371153,0,0
18229192371598977349,0,0
12587721094758155257,0,0
12950942364839246755,0,0
6045902396693464080,0,0
9499601729912385049,0,0
15301796578057668357,0,0
3450132640673052598,0,0
9216626079000869260,0,0
12326605944209560864,0,0
3024429093992028205,0,0
12781164210345557049,0,0
10549974789058117650,0,0
18396470587969425645,0,0
2579655158185241584,0,0
9726054602452605081,0,0
8711751391910847048,0,0
3202378664220874439,0,0
2978668348494466690,0,0
5892015254231548704,0,0
9742977543598242626,0,0
4166279831544026546,0,0
4848573055280857042,0,0
7888262326517585806,0,0
1545982839267160079,0,0
16636538496978016359,0,0
2918697925375352353,0,0
1705771257804419445,0,0
7467853774246436276,0,0
4587648522839692122,0,0
8436348874617550180,0,0
16269412666555692376,0,0
15726779217343441561,0,0
1493472404294552094,0,0
15481971568579122851,0,0
11377234112824331961,0,0
16371314886217194126,0,0
16959887985062465369,0,0
7538969631879821589,0,0
4691563634751655277,0,0
12097631750182297168,0,0
17574806642919577002,0,0
5234759067983881678,0,0
11403627679983010788,0,0
9276867093602046447,0,0
10884853467763766810,0,0
10772018494817753129,0,0
8249460492525056506,0,0
13749732467951227518,0,0
6074494656457959080,0,0
2676011157226420026,0,0
648096901590564337,0,0
4034358225351825035,0,0
2056897792552085902,0,0
2020740651067149496,0,0
13190549330942148377,0,0
12732303436794945300,0,0
4293164960149344681,0,0
9952177580529076252,0,0
14711445276559368329,0,0
14863409053775089584,0,0
6163560446125316326,0,0
17666770366154315150,0,0
13361377528537302834,0,0
8184830995793906243,0,0
128281543962986979,0,0
14883316267865403500,0,0
16558440713236884530,0,0
2780950363865180461,0,0
10500633310817804892,0,0
13021445872019405973,0,0
4127408316781685239,0,0
16919170236855535663,0,0
9733015456907785936,1.0,1
14219348063966467949,0,0
5537761863797284161,0,0
10013318165619904885,0,0
8588058541417645390,0,0
8857912293654188341,0,0
17737315073424344235,0,0
8407395653016116520,0,0
844915590736317664,0,0
4266967971626898517,0,0
6147388550138866637,0,0
15155521453090893445,0,0
17663865555809675285,0,0
6118372538462247202,0,0
8353025099895847376,0,0
17487129656200449542,0,0
12783498289287037572,0,0
3185604369386208359,0,0
14648472277033029722,0,0
14563674739544820492,0,0
13254340482863153572,0.4,1
14666162454531245213,0,0
4857837287213103642,0,0
3973259049698415637,0,0
1655925514365332159,0,0
1989833679616481448,0,0
12776708732031525884,0,0
4514273932838361256,0,0
18233538246723180056,0,0
12729658565539508567,0,0
10342218145069370064,0,0
16690267621396829787,0,0
13254866616121901771,0,0
676033165516677496,0,0
17296255855788533775,0,0
16037201681771307596,0,0
4898860250646538996,1.0,1
6531990982123861971,0,0
2531416941155457409,0,0
8856768828041449073,0,0
1039748498503248318,0,0
1381353836678399742,0,0
11860455876991826814,0,0
6817396495704308375,0,0
3818702448765489272,0,0
6507951695095499482,0,0
5450397828326207139,0,0
9366127765821066522,0,0
5361703673895274703,0,0
6202918716123419014,0,0
3432001677679180624,0,0
12593474327169809183,0,0
4247371760452364696,0,0
18196509800451982087,0,0
4329270645409692938,0,0
14653346923485927956,0,0
9945297159075146932,0,0
13974298502892928097,0,0
6142138782674738272,0,0
8291734496414302802,0,0
12098534948719235474,0,0
17009025404510427179,0,0
7840813295293698466,0,0
12878983496934964668,0,0
13441432790297662250,0,0
2670527303242959296,0,0
10025825863175564122,0,0
10944018555393152347,0,0
6389658371495893425,0,0
2418400073119689237,0,0
7081396819529740354,0,0
48713247734723378,0,0
12619992764765819577,0,0
12234336400828900049,0,0
5901957705886426184,0,0
7621205382702344825,0,0
3913264972102596032,0,0
341379156849361335,0,0
9995039704842571191,0,0
16986082280376592769,0,0
10314665466247816861,0,0
8217700607654431834,0,0
8169263590132735536,0,0
11491131582591891593,0,0
10719547590356035390,0,0
12107061006283958650,0,0
7048820012236015303,0,0
11111674670077528643,0,0
2547269609437666687,0,0
2770591008816314380,0,0
3432124016788339238,0,0
9460389081845512214,0,0
10380464729890422595,0,0
16471716113215680090,0,0
6338436898080088987,0,0
3552958348137051174,0,0
169435822796601624,0,0
2847758902314735431,0,0
11223734739973640721,0,0
11647777676427334999,0,0
2430568197847501334,0,0
3149237133015734788,0,0
8496076735229009637,0,0
8981898649672357782,0,0
18311245923731433338,0,0
6387849987974367806,0,0
6626874838242343809,0,0
11972863689449197372,0,0
11243110245679439503,0,0
3986237339737537020,0,0
14422778955386420936,1.0,1
10001349366338050587,0,0
4008571092737246998,0,0
16609113423345157608,0,0
15350213961566804172,0,0
10242768330678763112,0,0
15978433808004754556,0,0
10940344291280689114,0,0
8523960193420326363,0,0
856525053232780842,0,0
8838499365620657130,0,0
13960352494392675382,0,0
7661131153637999485,0,0
849630716189390674,0,0
15439169123169253495,0,0
17735316888129138202,0,0
14988706779894651866,0,0
7199934037425252319,0,0
1646175906219915110,0,0
11522631463404156913,0,0
18290084855692063473,0,0
8009919696557670862,0,0
13701186715002498210,0,0
16467959976241391055,0,0
15846287357980738584,0,0
10944621499525818485,0,0
9679015252474932002,0,0
665621345914665210,0,0
1834595229294621961,0,0
12892426874073988052,0,0
2702448896731786122,0,0
2000901965543924955,0,0
11235692109567412771,0,0
12325229023756299771,0,0
12770366232865015449,0,0
7039697174480581928,0,0
10765083521309926312,0,0
16445998594397237291,0,0
14183201004146940481,0,0
15472136609172204988,0,0
2816815790683665859,0,0
16318437982022932471,0,0
14949176600961148554,0,0
2058389087397933990,0,0
9788684407401633342,0,0
14374006790174531794,0,0
7258917367781538881,0,0
3345344880097563888,0.0,1
7376749089566407989,0,0
9762510064949317227,0,0
6726032687075474371,0,0
6429534136429332264,0,0
16421463388844416566,0,0
7987952235062630990,0,0
2683067836399827174,0,0
10194351473996941699,0,0
15395461865905372172,0,0
8462395481145589994,0,0
9697331427009060190,0,0
3425014208372168688,0,0
691074678731750386,0,0
3582239079778926957,0,0
12245098465086470104,0,0
8441476532632542272,0,0
12670460653523056100,0,0
8482695325865885181,0,0
12376952201016745794,0,0
12932466702639213763,0,0
2308984243711818169,0,0
1120982636539974215,0,0
13281710111357403736,0,0
10150060939020782715,0,0
10334268041521511730,0,0
12179651063735492123,0,0
13562538390018094104,0,0
9807959280547404204,0,0
8706653507881494281,0,0
12113355397087003852,0,0
11415865877245710005,0,0
18394031295492660682,0,0
2763926596233803242,0,0
17291526139979088414,0,0
14763413619527932616,0,0
1442191446580935872,0,0
5419263763571549015,0,0
12724935128788534631,0,0
8083684986523043136,0,0
17620192542759059393,0,0
10829743307933386201,0,0
3464581891192630974,0,0
11080474859526386227,0,0
4547996127330351846,0,0
17384656757382777856,0,0
7053960376529664326,0,0
16544240347340927675,0,0
17614323125278255816,0,0
7681735363915983603,0,0
5369515615099614740,0,0
8902938389228906153,0,0
16371226456771007948,0,0
16392099239673510468,0,0
1860592495905555468,0,0
7701289956868227069,0,0
9185362853430738688,0,0
16287897599040257978,0,0
3354127181966729901,0.6666666666666666,1
2848447838827204293,0,0
4795910596971128394,0,0
7793738754320529137,0,0
13651041583979799972,0,0
5577536290181995301,0,0
296460290521433868,0,0
2358303935481985713,0,0
8482374055572557553,0,0
6637874276797976358,0,0
3241062445249264034,0,0
4697245401229090028,0,0
18298116806853800249,0,0
5485316135402125509,0,0
2134102813146682126,0,0
8381040870672773717,0,0
4291717741747915661,0,0
7814984100495602764,0,0
14188555423239285853,0,0
7804088630660165503,0,0
2819037805036365271,0,0
17146888978090698164,0,0
11539239807255354359,0,0
2458650021775970943,0,0
15595255672173334535,0,0
11597209733818216659,0,0
9803563053940068794,0,0
17408191245277438449,0,0
13019765665221209391,0,0
10731518241307011248,0,0
14331705809609746497,0,0
11502350423851628807,0,0
13932228633023756287,0,0
17077090083613913467,0,0
12842747075889433500,0,0
15538630578571792865,0,0
3416757797568710042,0,0
9702402601903846148,0,0
8367390557231861914,0,0
17483945321027476686,0,0
12051226476187055085,0,0
10325664540764136300,0,0
10348066793853606609,0,0
3036614421382940049,0,0
8278966886910998953,0,0
17338911710597653200,0,0
2734567556240688179,0,0
884472903748098316,0,0
11726538045225530848,0,0
13022031450120071830,0,0
1075083789883782516,0,0
15460272868893296761,0,0
7571790761499733836,0,0
17616727657704586578,0,0
17127300662904982844,0,0
8768577629015331228,0,0
15420213547093961291,0,0
1958893530054537132,0,0
575339817635290819,0,0
1631904911419589550,0,0
13551818156114171732,0,0
5118685113023396614,0,0
6439350116378486745,0,0
16924441060035699933,0,0
14193486849029715427,0,0
16991655197842820445,0,0
18187263541468752361,0,0
12172348491366809203,0,0
16868825161827528028,0,0
14221041892761763965,0,0
13224812184086403188,0,0
43765777973455171,0,0
6147534370302895054,0,0
4783016503373282003,0,0
10430502943446416181,0,0
13623715193858014437,0,0
2004878814413849172,0,0
4723515425104233046,0,0
14926672264371803806,0,0
6378027714011740408,0,0
43567285313639121,0,0
7012033520762290739,0,0
15628237280323303157,0,0
14012558264494966492,0,0
7478827967375035080,0,0
950991094689414752,0,0
10241977098712255097,0,0
533513576188670259,0,0
10111714644563424827,0,0
12751391871732575740,0,0
3508464674603908867,0,0
5932583925338681359,0,0
11577677197012660487,0,0
9207680212495625863,0,0
9476595198388299845,0,0
11023721191884698213,0,0
17942794324874618769,0,0
2317206307458213547,0,0
4124188643337326573,0,0
7746434891032275566,0,0
2684437954357361368,0,0
5036526099335298831,0,0
16846004846316338755,0,0
9003266475112103400,0,0
12935567116626949434,0,0
7298736587288806949,0,0
13724100694341801731,0,0
1553056478568582335,0,0
5298622275762271522,0,0
7139273727642147957,0,0
10663392092561612328,0,0
18029157270792019550,0,0
17888004852400479614,0,0
9100951404512992305,0,0
3186257301748099607,0,0
16354378750092031664,0,0
1537735433668328672,0,0
4418729539264564590,0,0
18017526330779803302,0,0
15799012469312523703,0,0
13832794535635412269,0,0
6781043261700296636,0,0
4345871439192069820,0,0
11519403740669776634,0,0
11288489935384924956,0,0
2490074345179227319,0,0
4162544070672519851,0,0
5142725560954946808,0,0
1629120983874751071,0,0
1748155236354330558,0,0
18131954876587483793,0,0
11389538826076645731,0,0
2746439976427665683,0,0
5330021783217881811,0,0
15593256160249372335,0,0
15580742266441107014,0,0
6721594143950419112,0,0
10136772883041663022,0,0
1177753495576218225,0,0
14216232154242184800,0,0
15318925089507397905,0,0
1797369279302424011,0,0
4356602704396722413,0,0
13813838852077690602,0,0
5558253364365694487,0,0
5623916469596498736,0,0
1595429894654445520,0,0
8835861042935109421,0,0
16497181627433641631,0,0
6087683054058247500,0,0
12665823405652999292,0,0
14699459938313018309,0,0
9660377503705215225,0,0
10415204638651276155,0,0
1708038596130570250,0,0
9250011011740466540,0,0
1289680265024838253,0,0
8114860913212924899,0,0
2400705935722523410,0,0
3299716230598456697,0,0
4313930256138362096,0,0
6963647939731624059,0,0
3019075717453309644,0,0
11556255111361080256,0,0
11568866410765341634,0,0
13800980020313976191,0,0
12269535242754920396,0,0
9764230189506184940,0,0
13675510757163965009,0,0
9553333428429097680,0,0
6799849893019623656,0,0
11943554659195555795,0,0
5561444019360814175,0,0
8638384975378162878,0,0
88118368265948732,0,0
6708574179482568758,0,0
5985552699946346427,0,0
16983750275377494481,0,0
984510806350308631,0,0
6635583623570348431,0,0
4609987948430727623,0,0
2881600970496727154,0,0
17266449586980923638,0,0
17246010354134535086,0,0
15626602573830953148,0,0
15820574761690432240,0,0
9299326986049509792,0,0
2200666915301137698,0,0
6363616044183884452,0,0
5433707031110365369,0,0
14706937120821495370,0,0
4571374729910992332,0,0
2513935666088658634,0,0
12263062114574324456,0,0
17974337686675495987,0,0
15752040270983442473,0,0
8917534388691829204,0,0
18389032274269769925,0,0
2642467206901957758,0.0,1
2788764580618450357,0,0
6920182021725226197,0,0
13444228820294063733,0,0
8898508302782103937,0,0
4554987591942049117,0,0
13211169219165217829,0,0
17948753558116765421,1.0,1
5800331877449623543,0,0
11498929275631514017,0,0
10796863458100834200,0,0
15726956094603122680,0,0
14763360508489001897,0,0
16579234599450449170,0,0
9701203485551846004,0,0
379370404922625845,0,0
9937994006728275929,0,0
7377717444870049852,0,0
17073881605792976881,0,0
9941205851225031193,0.6666666666666666,1
6445506126477959180,0,0
7186891850858768416,0,0
10277536385474166783,0,0
9067825071722796974,0,0
5916785206961008606,0,0
4936811875284457090,0,0
7443804305245125064,0,0
9731473014183135787,0,0
14019178205665709668,0,0
1967358160353891070,0,0
17411700298702058904,0,0
13093670192849903173,0,0
5882685164076174750,0,0
11949943494749376756,0,0
8779533373574352561,0,0
5305613928815278251,0,0
9571272945778002866,0,0
754665099477087317,0,0
714316737121840226,0,0
15253520820743304528,0,0
8854574862207340241,0,0
3033457325724700547,0,0
2078212054452463265,0,0
15607448926614640740,0,0
50529731643003034,0,0
14199503983338778736,0,0
509292198982348599,0,0
13591814330322683338,0,0
11303724846985859610,0,0
16359925168665739003,0,0
4483267175590183760,0,0
8629770267811344661,0,0
7061249291858190434,0,0
14820097238721053134,0,0
17252833316357429348,0,0
7778270225944856681,0,0
12661425605939244702,0,0
1695270489991858386,0,0
15446239479748729155,0,0
8709347373345748763,0,0
4329051846849084789,0,0
17872932401321577820,0,0
7158983669640560418,0,0
8218857198096348085,0,0
7360759204966467298,0,0
2420186652385019621,0,0
4384336840704900525,0,0
7454119782362651848,0,0
12445942146836679099,0,0
882969804689123343,0,0
12074062172810843928,0,0
6654609066267465798,0,0
5776118464713273104,0,0
17928670682954111475,0,0
9318382472855063372,0,0
9476542359377968499,0,0
2636593329151451310,0,0
11710766838878578256,0,0
4613595985735444663,0,0
12891606796473702515,0,0
7890882823324892465,0,0
3353141761590788762,0,0
1855863021328976594,0,0
931092885077992753,0,0
5446753251294095919,0,0
883688427776743595,0,0
2885323574974987600,0,0
8493312611302027214,0,0
3055017437375908186,0,0
5394476744285596180,0,0
1093626947206305764,0,0
10036535224237447440,0,0
5904934061589939506,0,0
5558526561816884165,0,0
5183867461272636047,0,0
9357318970859705688,0,0
11056715199551905631,0,0
16305721196655753559,0,0
5436584767749023294,0,0
1769553578658349291,0,0
2102185569300422714,0,0
9901786096782564282,0,0
12478012751701014808,0,0
15641001867213167357,0,0
10339116208722370106,0,0
18422610820250050898,0,0
18094981905143685008,0,0
9300699381884379892,0,0
2718970700143116436,0,0
7351517755105656571,0,0
5777849987112685580,0,0
1118330217235268811,0,0
3582460387853980124,0,0
18313367197140926831,0,0
5940639151177096101,0,0
6675454011032214776,0,0
2264914424463813056,0,0
6675272993191333135,0,0
4116762104565613345,0,0
3703406740230584634,0,0
11276478332445493814,0,0
9427785977640173221,0,0
12871943644959641028,0,0
4031715649492591889,0,0
13443121411299809291,0,0
8006101336551681734,0,0
18020751544252992820,0,0
985300630453220090,0,0
16508343573049269775,0,0
15889412375068106246,0,0
8165372080240171309,0,0
15581541722457802685,0,0
14355965246909129222,0,0
111182005272269040,0,0
13511268619716246707,0,0
6676685691968440611,0,0
409658727607972830,0,0
2169943629880527208,0,0
10537919886715665698,0,0
18249605571381885929,0,0
1027570071209231274,0,0
5766728455386977989,0,0
17101986895333237086,0,0
18410632101808562334,0,0
2094072760051665772,0,0
3969030818267410356,0,0
9724400789321127342,0,0
18161182581281513898,0,0
2079008171058394496,0,0
12196024669797369573,0,0
16670713697545911751,0,0
15394230221027760425,0,0
1284705096485236792,0,0
11389785859871376703,0,0
1021270491702021661,0,0
3304709394599781324,0,0
4078248593043421467,0,0
9321762976318024234,0,0
3137339606149683109,0,0
5316941592307765772,0,0
17298981943829782983,0,0
13500630876921225900,0,0
12434761613006080467,0,0
1336295107761811613,0,0
10844265348520038946,0,0
3720535132193152713,0,0
13187221799611882491,0,0
5114126792062498310,0,0
11894476135014103602,0,0
11629067841475385315,0,0
7660057756353454554,0,0
14155067802058445546,0,0
4519891117348216344,0,0
15313527258193293340,0,0
1221623884179353858,0,0
16010237718641300991,0,0
3858284194272582670,0,0
12381613449231379968,0,0
13745682430823586363,0,0
3478786409100571501,0,0
11112505362556090235,0,0
1173788925047897644,0,0
11844144371043153373,0,0
16194584278587558119,0,0
11775626371433002033,0,0
2301998063516290898,0,0
16495510615325356017,0,0
15090929321581363294,0,0
7086885490090833939,0,0
1263546617423275667,0,0
3608180193403364811,0,0
8109840957755583041,0,0
2442946749710413075,0,0
5397428375263735998,0,0
4914251348720590766,0,0
10810574853116335639,0,0
8018617705754313905,0,0
10153102840599370531,0,0
18105574520225051027,0,0
3028471342101162959,0,0
11857028760092462141,0,0
12042099843424879193,0,0
1226545051666942049,0,0
6006977804206177222,0,0
17994211567919469560,0,0
3218116854196002648,0,0
1937153473752024225,0,0
2149291654405801516,0,0
5261924479688560967,0,0
3810644052705689389,0,0
17892911406958441887,0,0
11847737782211639750,0,0
15790663614086797247,0,0
5124316197471314950,0,0
14798827536804776197,0,0
4143469298002325722,0,0
1665213510704770707,0,0
7026105138308087580,0,0
1647975379600050063,0,0
565853204254469997,0,0
237199930044442771,0,0
6007017210311464502,0,0
2997951971212243518,0,0
8343430410391668634,0,0
13175527846121304308,0,0
6610130379495329798,0,0
15103095842773572863,0,0
16886061331348911610,0,0
10946302502542074674,0,0
10342328113765085115,0,0
9253634959595188711,0,0
8526258980536289900,0,0
15939820923234685466,0,0
17815538527669724770,0,0
12279196922050490214,0,0
14898923006744356403,0,0
12079685126278729052,0,0
12915246185482695230,0,0
10744074966865690249,0,0
8037657421140265643,0,0
17507424020636860215,0,0
17526533088415836691,0,0
3377099099520837727,0,0
7672730434663760832,0,0
1667476796695742593,0,0
6893068900205718959,0,0
3627366303799119938,0,0
12521837292877192683,0,0
4128915498867422682,0,0
6471225173736770328,0,0
5116974671852233295,0,0
3019034827392054405,0,0
3724787498716139798,0,0
470400641064827934,0,0
13242150581019589423,0,0
14405553918242067382,0,0
5115305319725608832,0,0
16052413004604488158,0,0
6561571554558028333,0,0
10719212835869159783,0,0
7033797309237764813,0,0
5012476357298298946,0,0
11055982457140478655,0,0
6268099669634872571,0,0
8853768241464398504,0,0
16304169981606456142,0,0
10028125995473825243,0,0
16386507017098467273,0,0
12724531042081266437,0,0
330422568091102157,0,0
406989923142182176,0,0
16826890921850793995,0,0
2118963650300844712,0,0
758307625937556825,0,0
4819967305882792821,0,0
8050725260271099890,0,0
12425302616458256579,0,0
15611089640166830708,0,0
17313749408577611605,0,0
17508837187030878115,0,0
13620118245131959682,0,0
18261684467704929649,0,0
3686340665799624336,0,0
17409923411014828139,0,0
7399972359031169444,0,0
6847019338208571186,0,0
8520827666579144694,0,0
14720198587489082717,0,0
2530779874402760479,0,0
2848455713758119503,0,0
18100679015130126736,0,0
15861313045030356192,0,0
9957539158593868426,0,0
5071664995893762919,0,0
2444545588189576897,0,0
8438777903541074658,0,0
2991283416080112083,0,0
9473354018993716248,0,0
15679394243478036208,0,0
15213228061389870777,0,0
8908746340580323498,0,0
15685633711927860622,0,0
14041622792259341170,0,0
16149207774244359667,0,0
14674591995620309723,0,0
2371227856472374248,0,0
13539303576695441157,0,0
1500558339613392813,0,0
8477133642651482632,0,0
17167392548667622938,0,0
5945055337867620762,0,0
3094035094557675162,0,0
3919352428744682877,0,0
3458392750591953204,0,0
9882259446798855961,0,0
16240093427344399443,0,0
14198600074446626361,0,0
16794467803378795424,0,0
14606740272896332897,0,0
10629340613180462560,1.0,1
16259719178582305165,0,0
16763646792645966798,0,0
7514162619400475035,0,0
4425439485009085121,0,0
7799753888500828520,0,0
2514364006374497501,0,0
12178841725880339064,0,0
1791990050656470802,0,0
17152434021737435676,0,0
4569961157910374823,0,0
1829129896803559187,0,0
8507221511465087590,0,0
15856198911765748271,0,0
14499363907446190057,0,0
1652738139412943506,0,0
12272371178306268068,0,0
1490840655447292078,0,0
9749876112909188500,0,0
12849607414615448220,0,0
15110773625027138065,0,0
13224797846346796421,0,0
2654622725788038556,0,0
3895980297667364020,0,0
14594788157666730316,0,0
15849837536621683667,0,0
10473547606650855438,0,0
10038118902369201899,0,0
3193755288373177118,0,0
13771169940060340647,0,0
15432138114403341029,0,0
11189381496455047337,0,0
16320110327785763826,0,0
978330672465386794,0,0
10816195895901859823,0,0
9346908555637936180,0,0
15855594778340528959,0,0
11199738505434350367,0,0
7881200889515294518,0,0
2480988198482964248,0,0
4497272977196906768,0,0
5047387790276883848,0,0
16057343414778564269,0,0
8856395285553543395,0,0
12953663911033598762,0,0
16143136381951126376,0,0
3303365944728707637,0,0
2400868054702807962,0,0
6624494271702999973,0,0
13869465953947595432,0,0
3202837902463081279,0,0
9263239440807489537,0,0
10286499441410109545,0,0
6287655399945983369,0,0
13340239380366628639,0,0
14874406106428919085,0,0
7085517452224821381,0,0
12728211811775849517,0,0
16055999314709211410,0,0
3360991886148699905,0,0
10186202346495547886,0,0
17695032826588938196,0,0
14560075061921162630,0,0
4974017833833561328,0,0
2619121337563765871,0,0
12265512724816876620,0,0
17014217512214378604,0,0
10478745417219428797,0,0
18168640008297293530,0,0
7775936706398855136,0,0
13353363271078023230,0,0
8847594466617185930,0,0
8468221527085016026,0,0
9954522198323005182,0,0
11781047238682301903,0,0
17678793023040791946,0,0
16802680501504345723,0,0
17046471331260126778,0,0
5539662964398841487,0,0
955682083143508114,0,0
10115603114892760796,0,0
7483199699694516947,0,0
7373199166419639279,0,0
1169134496931863149,0,0
1785792703325539786,0,0
1298270216595121324,0,0
9115744993453192908,0,0
14530220532805648114,0,0
5137253669468556660,0,0
12839594038188023317,0,0
12553357854932012690,0,0
13630683415904941325,0,0
8636380496892158408,0,0
7897145460615437674,0,0
3042478364207888969,0,0
779218527161246749,0,0
1744948380336711438,0,0
8166548274167253780,0,0
2711481889318129106,0,0
4221806165631748033,0,0
11548753498890893257,0,0
1380811278525664734,0,0
2909067517109699293,0,0
16338567435351216433,0,0
4731760493118850375,0,0
17313434589116676438,0,0
8729624152220370523,0,0
11457850555002445802,0,0
11730425983339046716,0,0
17128643896399054887,0,0
12633412037909702260,0,0
13246519018223702728,0,0
16552714960995050968,0,0
8946122654086618025,0,0
1986441987057253217,0,0
3177857931620031939,0,0
6409650377091873725,0,0
5191370406319417564,0,0
7982346520458936037,0,0
7125185033694446056,0,0
17908155600656137064,0,0
12250150750256778043,0,0
10221893178407524768,0,0
8044976984335615216,0,0
8826434496137170503,0,0
5008190028629477,0,0
8202185207855576471,0,0
13761182526770443484,0,0
15791049913903985737,0,0
15379311022429119262,0,0
3150732848494994159,0,0
18048216132505702644,0,0
2442726562763946797,0,0
13004990383735849617,0,0
7462263893165130881,0,0
17267452408814467504,0,0
10835300738176455672,0,0
2390737530744626865,0,0
4942374084893809000,0,0
14941334740057579430,0,0
11927232478485458584,0,0
17243000506630190044,0,0
16815964606884948703,0,0
4055079895278613761,0,0
15132083977255141179,0,0
5866089233622927213,0,0
12246938243961294936,0,0
4886280845987950539,0,0
15202905418077601449,0,0
11555514852636929377,0,0
3724802194950976506,0,0
737116614040627719,0,0
6256646515644375623,0,0
4436704512782761554,0,0
16989409037429004610,0,0
12175228819728342160,0,0
2747671135981857551,0,0
1495582487748230671,0,0
16325998166826156214,0,0
12080260205281340779,0,0
4347117177531863848,0,0
9478539647606520307,0,0
16251071144072228840,0,0
11602949651771239590,0,0
11475756224704319008,0,0
13022948704751569456,0,0
3713805641159287475,0,0
11753684700562452785,0,0
4628955627214592859,0,0
10915067981323828930,0,0
9990866132554843490,0,0
6018655461638897585,0,0
8974594962751741771,0,0
17761104632839451155,0,0
4180529904208329797,0,0
13550779561838157611,0,0
15128994684179218196,0,0
3248793273767749048,0,0
14725732359376905995,0,0
11998307225191677123,0,0
14945339291147993090,0,0
11669559354363367368,0,0
7708556157268915394,0,0
6155830425855541032,0,0
11744619220915819538,0,0
6944114727767768372,0,0
407961565013507348,0,0
18044847216792385809,0,0
18418447417887900261,0,0
15451617550618207132,0,0
9936833706172269132,0,0
17833867993865504124,0,0
11040702622385279364,0,0
1578144694895216653,0,0
16687580483584608703,0,0
3377668345735785756,0,0
3029304543854193425,0,0
2796151255306753219,0,0
725131459980946692,0,0
2551788923075879713,0,0
10912481864561341521,0,0
7823773078137502245,0,0
3071327402912574065,0,0
12679049068778962273,0,0
16721064449327998623,0,0
7154704387194506382,0,0
10564289729077721264,0,0
17263694823217224275,0,0
11811156860328409682,0,0
18308332470547791506,0,0
12572671021832101683,0,0
5966952295746230256,0,0
1193024390702574618,0,0
2016238565622144521,0,0
4736652248808899528,0,0
8039054934664137682,0,0
3979384862641030974,0,0
9769027970210303340,0,0
1933390425666996660,0,0
11903856749122835141,0,0
12785617981507967556,0,0
13864445762702630471,0,0
2828438681965430680,0,0
2289265388069355114,0,0
3315403129697058105,0,0
15738775945480530815,0,0
12123408561538250922,0,0
12981871900847784778,0,0
12527323625936618560,0,0
15283924416560712682,0,0
3816309071147403469,0,0
8964022719625528019,0,0
17531139466080697992,0,0
7991848112050217836,0,0
13944057569090062953,0,0
14495807570399805321,0,0
6834719979569033484,0,0
11545266217838677247,0,0
13081020542909444084,0,0
11357778247267179323,0,0
5543355424333081207,0,0
134672615680895616,0,0
10333850770100576031,0,0
8397600111772490104,0,0
1458984464408823454,0,0
6057050880104080012,0,0
120452835638635167,0,0
627206778825689874,0,0
16020104596918692198,0,0
4830429414273937747,0,0
4040278274310179293,0,0
17676526455010509314,0,0
12590392279546606184,0,0
15559345158523651587,0,0
7192971961621115675,0,0
17962691910134995861,0,0
4104568669037956391,0,0
4275017995601754141,0,0
11892232629544424810,0,0
8647577387533947440,0,0
4340671975401214709,0,0
13198473642442841208,0,0
16532121593926857457,0,0
8493611800048330233,0,0
16936291126758295092,0,0
10768608005803108263,0,0
5451966301046715333,0,0
4103415702921021757,0,0
11817247898768775608,0,0
11397946135592006028,0,0
16544907737726166476,0,0
7969844018666108583,0,0
5694650963982170999,0,0
6355462183313710472,0,0
15476930184133273206,0,0
9675411905650020352,0,0
10390634053891802268,0,0
16379096625242668860,0,0
5908623371766410746,0,0
473220745036172282,0,0
4728123418620535717,0,0
3575180123447915279,0,0
14889981577136961270,0,0
17071236827374609681,0,0
4557798090313422937,0,0
1122765353767237112,0,0
12575073855907148367,0,0
7372901685545731635,0,0
9093259598750662872,0,0
1360546473316097106,0,0
12978130862734628194,0,0
7003849976983096168,0,0
16858664322767613835,0,0
1385459912133679395,0,0
3388993732467077896,0,0
4177268224274474499,0,0
13733093495972972000,0,0
9003131304830347558,0,0
10242181898013667366,0,0
5924841554098171518,0,0
2585622588903357033,0,0
11193737645974064267,0,0
14184358346137770592,0,0
17212471718595914124,0,0
14390223528149047165,0,0
10432867548324602065,0,0
14583632380972897369,0,0
5455625040813085681,0,0
8242624131561254587,0,0
4606605986990915311,0,0
11937220071990718121,0,0
4142233882375335463,0,0
11388145095402537312,0,0
18133600653684274181,0,0
2119074039725707963,0,0
1450500894869657077,0,0
17554522148583585165,0,0
5170695803564693301,0,0
10922192425158517878,0,0
9365185006640964101,0,0
16133019917311179547,0,0
18252279502677255046,0,0
14705070120529273348,0,0
11791442581335912439,0,0
11394387665693788502,0,0
8785242438067415661,0,0
12510570236620974217,0,0
5208679744684185663,0,0
16562681355089660638,0,0
17151304375772584933,0,0
3429064082930146840,0,0
12785993131701819515,0,0
4296824238374252662,0,0
5454688498990706104,0,0
4762508137721333257,0,0
3951161382810076006,0,0
3244629324708356477,0,0
12144798869445450357,0,0
9460906736640641382,0,0
4582862675118701165,0,0
2873000815917746264,0,0
10795059662870980888,0,0
17491236275662590985,0,0
14949682548946116214,0,0
2439661799085329557,0,0
4293238177944031867,0,0
7207170884206537677,0,0
17655758307587753080,0,0
15528575225164377775,0,0
11188726925540562752,0,0
2795102240576334046,0,0
6645405302871054523,0,0
5327257206594132600,0,0
2276843759812547353,0,0
2616399572198111931,0,0
2921947901438850215,0,0
331755041371905386,0,0
16173840104398309635,0,0
18003137045413045033,0,0
5838668893907761904,0,0
9141842304065256551,0,0
4618241210816432618,0,0
12752916914305434091,0,0
9790080172681255932,0,0
11469528501296004227,0,0
17472173661510020871,0,0
13660271280168638665,0,0
10449610345473466009,0,0
11930895493864058680,0,0
7523917642866794292,0,0
18437830020023390330,0,0
1352549084874317075,0,0
14172172519512657852,0,0
12413404342792852105,0,0
5527824322688665938,0,0
15441449034993191213,0,0
13652358729751039169,0,0
8277237392599022564,0,0
7994535427276412323,0,0
11862862597086892517,0,0
16824231551245696247,0,0
13254088397411832065,0,0
6933600720555031946,0,0
810959168549170456,0,0
818294927689609208,0,0
11859774217720439912,0,0
11533278333977398921,0,0
8425504863172715721,0,0
2711361274833361151,0,0
16381966868119243198,0,0
8356320376359241500,0,0
8617443312057587636,0,0
15654465380048941986,0,0
15610127082780797254,0,0
14928217238031748170,0,0
11803095890254003285,0,0
15653804477290834248,0,0
7353646832394603873,0,0
12947588420147241237,0,0
13516083052795599042,0,0
10465932698407940394,0,0
12278591171086395073,0,0
8720854793319938310,0,0
17220669539435612244,0,0
4891648434374833609,0,0
3259756940200851798,0,0
13139843080545958397,0,0
7800916887948410435,0,0
11101957372650941558,0,0
2118388260561707468,0,0
10658154640102554724,0,0
11804595851629048902,0,0
18169740140560041702,0,0
1974311477414124812,0,0
7648203989893661732,0,0
17697283331372609742,0,0
15696397248414583118,0,0
205210360465578131,0,0
5149985207288003426,0,0
12498046345292846989,0,0
16611790241594156585,0,0
7079756110677303082,0,0
13545784545552385578,0,0
5724670173938468065,0,0
4788662015493000017,0,0
14825116127751282386,0,0
217042700113222250,0,0
177077082461823378,0,0
2246431065090638048,0,0
16098432845066893830,0,0
14791471857181143071,0,0
5646125906287385798,0,0
5632007446318483775,0,0
5658704278034100455,0,0
4404139481297825245,0,0
16752750664393729946,0,0
11974456121734597612,0,0
123581864254488201,0,0
5216894050418082766,0,0
17717118048168030368,0,0
10519251373489744561,0,0
12255522804246724206,0,0
13827549487332518344,0,0
2932673149085036072,0,0
7893181901003953334,0,0
9603877707412444375,0,0
1064432918064927296,0,0
14329345216284735368,0,0
556272541837646761,0,0
954826148624595749,0,0
1196812457810730720,0,0
16188329560093262765,0,0
17175202585814946169,0,0
18161719834800852782,0,0
13784357847487470188,0,0
12065110592552592769,0,0
14000484820955814406,0,0
2097117953135007776,0,0
5229397424284253344,0,0
7382613133509132630,0,0
17924838075792124182,0,0
3975152397412529490,0,0
9071801537220730656,0,0
6475037792027074838,0,0
7326099346718711813,0,0
4113863255092565125,0,0
10813359515720363106,0,0
891412390481022895,0,0
14683569931874940364,0,0
18082468239459887307,0,0
14118122782471540821,0,0
13492509311072530141,0,0
2648378441327724332,0,0
12998253509941320093,0,0
13413645159184990789,0,0
5532928274109757593,0,0
17359098489451399982,0,0
13133592128115159684,0,0
12429038229697318000,0,0
11721505303491420293,0,0
11513453373280823882,0,0
16542936689494820422,0,0
17822827345387309471,0,0
18014441287979621251,0,0
8779185476309822651,0,0
7228263958136646615,0,0
7582405805414125585,0,0
17386417540086732691,0,0
12706215066439440835,0,0
6971420831401427573,0,0
5446452701063199632,0,0
12570190098208068355,0,0
18316305557419624202,0,0
16560153823395974214,0,0
13766252097645397166,0,0
11367238293731810893,0,0
11504859732017077268,0,0
4262061715608707522,0,0
17355502835169543009,0,0
8521446954447038315,0,0
15919094818948406401,0,0
18321826321721344975,0,0
8211502941233404391,0,0
17295194269054429790,0,0
12173595050683885975,0,0
4710513165689454488,0,0
4189305788432327379,0,0
2977808029157274496,0,0
671032367991883040,0,0
5507608046714766406,0,0
14131077532690221783,0,0
13053956868131917807,0,0
11492536122778962599,0,0
7536755263004921399,0,0
3109216944255490721,0,0
5256093608927034031,0,0
2704790066102470966,0,0
15869249020179703510,0,0
10282151883624056363,0,0
6994778930629121727,0,0
15707249772949282086,0,0
9210059900466313496,0,0
8424756343607437791,0,0
10338739237231406358,0,0
1390642029708060649,0,0
2755369943035654518,0,0
9483874183750921396,0,0
15710008533511923939,0,0
4672167161638483039,0,0
10211130342797168818,0,0
3958698854941989250,0,0
12780470033183192403,0,0
316600205195515158,0,0
14561700158623067506,0,0
8976700822120537651,0,0
6910645092970542129,0,0
8464455259420534889,0,0
6790825683633021668,0,0
6806124392848096227,0,0
1587227517886957807,0,0
5879605735666943238,0,0
16020818378828984001,0,0
1457919242200348178,0,0
17901035139647284344,0,0
11012260687836549130,0,0
11493639566278888786,0,0
10562653493728152523,0,0
17304603434963468106,0,0
15697560074448278216,0,0
9907860110185344038,0,0
8555013963655567169,0,0
3922273748410779249,0,0
17384980249141434430,0,0
13005142101910944346,0,0
12062232124699940892,0,0
3306335454437900721,0,0
16810783413109820751,0,0
11813743547042924640,0,0
11966123051358414035,0,0
13138126746556139093,0,0
14144051105168358762,0,0
2217160362572016322,0,0
2003309147705456362,0,0
5578943601205874972,0,0
4549101883475034217,0,0
17292710120699960981,0,0
11842569551856962884,0,0
2555552259124785143,0,0
9250600134814533784,0,0
16669152145899512577,0,0
8000542295783086245,0,0
3079588184453391249,0,0
10366383980779017347,0,0
586218162800176631,0,0
16992733886894172372,0,0
13785307502745593813,0,0
7817785782904258327,0,0
11737511802691760815,0,0
9323167012651852243,0,0
7962981590894213737,0,0
7091011335817642619,0,0
16359159342253749713,0,0
10658713011061297488,0,0
8472459789766364918,0,0
16142867086285468299,0,0
15114717020527937394,0,0
10249358027846061668,0,0
15174776152269492086,0,0
7727362955992410038,0,0
1871570178501925104,0,0
5165266393468978434,0,0
12741517293992238558,0,0
13962524126742310178,0,0
9417751239572711396,0,0
16187920497313851418,0,0
12040088015902566995,0,0
17272284832625605037,0,0
17141644344142014804,0,0
8823242301257255757,0,0
9843119148626830019,0,0
1371801019934121746,0,0
17474349678791193147,0,0
13541820414225487689,0,0
6721478082149110349,0,0
8401734515164557536,0,0
13959014039360207421,0,0
6091662567117388972,0,0
8331495385886624554,0,0
13654103180832092854,0,0
15200513015801794346,0,0
7630434389526115541,0,0
1177910111741422315,0,0
6228332527048439002,0,0
453153560597292378,0,0
532711315350802758,0,0
8193566043354126183,0,0
2039914932853916686,0,0
17960818612456393129,0,0
6606781239702882531,0,0
5961414190007974040,0,0
17114200104621503174,0,0
14312663251498781326,0,0
4896387748042821252,0,0
1347431646108548924,0,0
4541175659906380039,0,0
3792384451168220920,0,0
1479457157363604007,0,0
5156037897122592731,0,0
4527161792930413340,0,0
6733494766351906411,0,0
16953645097957955358,0,0
8887542378556896706,0,0
2043716455851866921,0,0
9059432725559358888,0,0
14422022931106468046,0,0
16223331577177430442,0,0
11764876636911216691,0,0
9418748972196081438,0,0
16827272474061886991,0,0
15752953444196966460,0,0
8733171666288643393,0,0
9036209078350822594,0,0
1185202895920439610,0,0
4721877803898905008,0,0
17347691326469771250,0,0
9182191085668740569,0,0
3578290141933759256,0,0
12953115008508516573,0,0
1541155659001357791,0,0
1541490710292339422,0,0
4739475204514398026,0,0
4126192739739005361,0,0
5726613250349382862,0,0
11981316660790837118,0,0
15406118545483225751,0,0
4937735040127996602,0,0
4786551692776839769,0,0
14958915409357519016,0,0
16125347956925984362,0,0
18253343602567430167,0,0
17553642081313712382,0,0
4141755012101727052,0,0
7400599842005590320,0,0
15698356799526099723,0,0
305024864908772719,0,0
5401608734380136771,0,0
15484993073122416359,0,0
4502540988188361603,0,0
482813149232719282,0,0
14172048092620326814,0,0
5318625653385744030,0,0
7291062305871110342,0,0
16407835572391534976,0,0
5690037935419322641,0,0
637402299609113546,0,0
11660227626121394760,0,0
1916848567433408667,0,0
14913272404847667030,0,0
2215571646748736744,0,0
13639868030027494944,0,0
14097710540886757342,0,0
7804123429366340180,0,0
8679295710902664873,0,0
758599308772485018,0,0
15817615627291693970,0,0
7246228859713144761,0,0
12366402446784678891,0,0
17299569774026043539,0,0
15578233156496963019,0,0
16079022152290150038,0,0
17106412921780010448,0,0
3959148599116265474,0,0
14871673150493787965,0,0
5741977509557771775,0,0
13476495405725931041,0,0
997016947880828737,0,0
7991873227345553814,0,0
10247709239710074629,0,0
14527503736238690378,0,0
17982743933750696611,0,0
2257966781900466161,0,0
919090334846877602,0,0
11262803963663359361,0,0
14090058734436498625,0,0
15677308746029836403,0,0
11849129415606245777,0,0
4159883978227460547,0,0
7145049762515451069,0,0
1746973883939402581,0,0
3425556164964980640,0,0
16513452776265285868,0,0
14403881403231859163,0,0
14867583377740927846,0,0
2395222359981108820,0,0
373474878759104137,0,0
5392638788206450287,0,0
14872468094331115368,0,0
2434705569655964299,0,0
5858406889142886899,0,0
14223104422187110176,0,0
6358910997751320239,0,0
5747947140971295891,0,0
3262429994034115375,0,0
12279375769986019424,0,0
9286849571225030486,0,0
17208500306615831348,0,0
14699675018527862981,0,0
14540114916763344252,0,0
9125294673743581059,0,0
16419016677411258133,0,0
7142190144163933882,0,0
1558270161641777682,0,0
9523754606573984912,0,0
9459279993649790516,0,0
11605158939958476731,0,0
9386276201535562370,0,0
7033776616902518379,0,0
8478399747313991756,0,0
10599572649206745217,0,0
18172480286606645151,0,0
9534594305179680161,0,0
11374511561829419240,0,0
2674712464716469717,0,0
3338307668164077243,0,0
9579559815144277360,0,0
6705457651803283274,0,0
8316535227025987895,0,0
16353016800233247221,0,0
16048320258964296266,0,0
12288817743223480937,0,0
6602117017328612774,0,0
11079329018491342321,0,0
14594788801750325766,0,0
3400352583684412716,0,0
16970595459496538248,0,0
7403128515376274909,0,0
15743108224813506839,0,0
3527398428781978487,0,0
9134951294264833336,0,0
15925798995198646048,0,0
6115965896780649198,0,0
2623334112405540555,0,0
14608431263614778651,0,0
1501619169531342957,0,0
13298641351632876181,0,0
1042531723268467412,0,0
1504798527745398224,0,0
469669277858038611,0,0
2530723642853509548,0,0
12134873922625026260,0,0
1344751767878806354,0,0
8958227904744522176,0,0
13443281516845018988,0,0
14956452452057051338,0,0
14102368918130772200,0,0
727222611064369683,0,0
11022744964248994137,0,0
13882263037630927395,0,0
18243398932459068663,0,0
13748565437484206634,0,0
6725395605696151035,0,0
17645209033093167767,0,0
1866735386268688911,0,0
14286688744691757484,0,0
2249593645128400580,0,0
4033159038609014388,0,0
13867014971885024069,0,0
7027855789072003499,0,0
10686921212901343345,0,0
5909166165327257417,0,0
12357997542928382438,0,0
4169842960490024372,0,0
4213161164289322125,0,0
15382443997891872730,0,0
18185003970579844304,0,0
13558107545226020618,0,0
16983617781964297882,0,0
17957048784611040520,0,0
3902581334230909718,0,0
1654470520939397853,0,0
10234162114160628612,0,0
7908600494713747097,0,0
7134651921282594271,0,0
1558285517081951635,0,0
7398200143485791020,0,0
6504273146134884448,0,0
16603047547748768080,0,0
3935234051620961935,0,0
7889406297048342327,0,0
6598134230787027328,0,0
16175046927316490605,0,0
5943900535853585191,0,0
797017299901186909,0,0
8995824169416220117,0,0
8607860717172177424,0,0
8465079044733667767,0,0
10144827168290088036,0,0
8410234333727958271,0,0
7426314299809370522,0,0
10570791487367559258,0,0
17538840611890525849,0,0
6306966626985450269,0,0
2018354599633995723,0,0
1270948670678852950,0,0
13463155007063351383,0,0
12944897268855942054,0,0
7205293362153580618,0,0
8718248037715454951,0,0
5719465921850910304,0,0
15778213518285232686,0,0
15783919406866433841,0,0
4133138374086597691,0,0
686741956736306493,0,0
2697453926874078965,0,0
6992142439555412885,0,0
9804783267998723326,0,0
4778972445743179469,0,0
2985333489616677942,0,0
16647230942120054505,0,0
3996166491253287100,0,0
1254250000914619436,0,0
9460595542238767921,0,0
11692228001536275294,0,0
17812005614187329905,0,0
8521300902455252540,0,0
16492950011305567658,0,0
4871076489802207105,0,0
14035978065584131568,0,0
15469071557041068977,0,0
6205097491376682592,0,0
1374294278921508393,0,0
16038303881505439122,0,0
12020654055471481818,0,0
12983229283774719603,0,0
14538999594462622933,0,0
15650425520292708225,0,0
18441348630464038501,0,0
15269878371556646336,0,0
13116198584121303457,0,0
15403525814149654503,0,0
1998141469728744497,0,0
97940509972968503,0,0
9631123901053217377,0,0
3372552890498085090,0,0
2367462285541335515,0,0
9275850424917456359,0,0
4054521733029267434,0,0
7978448844774263560,0,0
7484716657609346489,0,0
5656591306237241109,0,0
12165646866316480758,0,0
778206096506447853,0,0
4116027828742892306,0,0
5554888044928802249,0,0
3592974349784104017,0,0
2956704108438557199,0,0
12109645671689845294,0,0
4403182217692179105,0,0
15932954721043557058,0,0
8972027822481332825,0,0
4357881613083738802,0,0
5867134576666358669,0,0
5510506854045490328,0,0
9398463904064353609,0,0
16483253984917196225,0,0
4183909591721692612,0,0
13066843475985429787,0,0
616615433241375898,0,0
16965919025843630093,0,0
8544608541159986209,0,0
14251746082509873286,0,0
5795521663610063812,0,0
6404278911949362319,0,0
13943369262639015931,0,0
18219590323251091953,0,0
6960416626505468944,0,0
14786016319912193072,0,0
6855420157049629570,0,0
1261792159510414996,0,0
300447432370949646,0,0
1309285891969699749,0,0
5748793683197429995,0,0
11783715609687126245,0,0
9555609565814531120,0,0
9389910614323253632,0,0
2955479741586186341,0,0
1189106772050176428,0,0
3685884039951737668,0,0
5072233426046342538,0,0
6183915545733529256,0,0
1573333743588231317,0,0
6331898406809750014,0,0
1274686401794302581,0,0
16778019098598140813,0,0
4033010428503326398,0,0
9974303597109420242,0,0
15738808501816522311,0,0
701563724295759604,0,0
16376107943113001412,0,0
14190714804030159674,0,0
18027528720652652,0,0
15838953822246433941,0,0
3535545326512178370,0,0
7253407918990681779,0,0
11108649640922322672,0,0
427541952265107361,0,0
17184950970796372362,0,0
6586808999515284458,0,0
2384299665950460083,0,0
12629662258254360643,0,0
6671034111300946711,0,0
438285525609445934,0,0
5923341722243423014,0,0
5755279315419320390,0,0
4591247924742446079,0,0
5804642287936570881,0,0
5317781253894019576,0,0
1163612005970366300,0,0
13501392056421329318,0,0
3837214336148894615,0,0
18210916295568436127,0,0
585395059329451331,0,0
14206917809797212664,0,0
17377362044867057206,0,0
13524846976233348918,0,0
13166763804185350831,0,0
17451784232426161997,0,0
16772368224151991508,0,0
14388609886176147088,0,0
8663148818565012187,0,0
17502264448078709684,0,0
12975516879712423467,0,0
14773741153965431244,0,0
4398869621950965733,0,0
18038809313755306734,0,0
5629680249372148396,0,0
13065717616018600090,0,0
17728288839345595659,0,0
8851298144109002458,0,0
1914269951479160752,0,0
3259459746759760519,0,0
13713389050060641429,0,0
9426787016816945606,0,0
11478807825102247300,0,0
5705424287983127771,0,0
7865166183643569376,0,0
10674863524593444442,0,0
17818581440890672027,0,0
7650670010597174895,0,0
3957529979494118644,0,0
13910329456662668082,0,0
3574658914492791548,0,0
1933304976956926358,0,0
4942396509542604592,0,0
14228737283168370961,0,0
16925529222504878369,0,0
8776903859196367194,0,0
16426806986836325559,0,0
5360280732205556535,0,0
3899467373415328889,0,0
6979863136022986482,0,0
11897352226433320489,0,0
5097454737633457863,0,0
12925513736559692598,0,0
11674985665662646864,0,0
16709614383937688042,0,0
3903952290222123479,0,0
124137049609095685,0,0
16497346743548758622,0,0
412434083929792802,0,0
882562238088824093,0,0
7215036878576931545,0,0
11231365363636502239,0,0
6822080963791933559,0,0
13130581240031494853,0,0
14249684704477272644,0,0
5426037624036156905,0,0
15135023020521556764,0,0
7719175863619169978,0,0
15528958367962693623,0,0
12614005078138418676,0,0
4809560660136408010,0,0
14865381362832253666,0,0
15343476108174515179,0,0
11178931113576752445,0,0
17072835557923284924,0,0
9563651767791539879,0,0
3641242642488703663,0,0
12517361215107338285,0,0
15729342464955920393,0,0
2275302761301886563,0,0
8345059003358781226,0,0
12064876025692248062,0,0
11300114130490407861,0,0
14061515302321090064,0,0
2543224703799970571,0,0
16448132093476570504,0,0
12637940696347245652,0,0
10839340018866537492,0,0
18040316946922145951,0,0
16355320196582148776,0,0
10821516429614729022,0,0
8075609756416846179,0,0
4702181762428852279,0,0
6409647577476032349,0,0
10004622577301058573,0,0
6237366202794050552,0,0
6351323689660049399,0,0
2650976136118518223,0,0
9498583455561696866,0,0
13726617416225725731,0,0
12101111511327041908,0,0
13393452680066572792,0,0
3387689307183565306,0,0
3467342677426799904,0,0
5241901904087146560,0,0
1118739309979904939,0,0
9680132417781805241,0,0
8096225243372680946,0,0
1022106126194965533,0,0
7464974304039843567,0,0
14878918928372694047,0,0
1283231757338532403,0,0
7204246664079794400,0,0
5134948515031325945,0,0
10077252443802279456,0,0
1042817999514010681,0,0
2541706398010625395,0,0
11920184840515441148,0,0
6686501550556303485,0,0
238393561404077381,0,0
7982530963171384374,0,0
16673280427369331986,0,0
5783617028734643009,0,0
18037013927082577774,0,0
2182482254613498312,0,0
2227436679703386069,0,0
3324016259506632950,0,0
11711687995240746506,0,0
18185609352694807957,0,0
1570966990601954098,0,0
13937009331651394379,0,0
3727807551019992303,0,0
16422937881900473010,0,0
15088700455111109493,0,0
1465556922863400660,0,0
8404569387162823740,0,0
6965719205038743298,0,0
1840406102746633921,0,0
15415249866988189278,0,0
14869753187359652973,0,0
14340505699924853751,0,0
5755764049104019057,0,0
4419069827217736149,0,0
936716035895046434,0,0
51978441683394388,0,0
5650773674050117599,0,0
9097983484376253278,0,0
6050320310414285510,0,0
5349253026526769282,0,0
17223553520878322949,0,0
14911725301492843122,0,0
2228996265442376998,0,0
4599121432170787445,0,0
11343028818280719914,0,0
14193143514381490986,0,0
6293881875150940762,0,0
7885610394874474003,0,0
3830013328534563717,0,0
15803406738926674631,0,0
9495261459695323398,0,0
9385589302755413197,0,0
16801435149881916933,0,0
1771984172036125327,0,0
196819753653384500,0,0
4427078800738795883,0,0
11080666439795583475,0,0
10817220178825400590,0,0
15262293485959628583,0,0
11453410152258639535,0,0
5241862918769627977,0,0
11522963486013898023,0,0
12455785852368573349,0,0
50457419418203447,0,0
4702849672942726605,0,0
15606913846907062791,0,0
11045513651686387073,0,0
11908596468653886638,0,0
16604050679120903149,0,0
15760891147023738204,0,0
10631545080388645011,0,0
1761136458373521649,0,0
16307650123310158915,0,0
2466836699181715244,0,0
16684498633011870964,0,0
4389040346458965824,0,0
9745591564214846811,0,0
11719665531275976043,0,0
17185906008603801402,0,0
7779830797113197907,0,0
15494075512028542678,0,0
9539378678850694244,0,0
13650214709342803196,0,0
12629817154500692995,0,0
16263738007337010703,0,0
192140412650931406,0,0
13119558122046325971,0,0
16720936800967316088,0,0
16117715707092393372,0,0
11811178028809357539,0,0
14194916179598664668,0,0
17899862033422118767,0,0
5679685445256268467,0,0
1214638627687573671,0,0
18345814325353253428,0,0
16055529847314969631,0,0
5277970630472819923,0,0
10588572021599855595,0,0
11804663313109805960,0,0
12608430969147599636,0,0
278221211829813307,0,0
13213967807184582342,0,0
13608155787639370652,0,0
570408289656093317,0,0
16145721326395294114,0,0
18038525478830460849,0,0
6787750779881154682,0,0
3179960314802732626,0,0
6564497401630673248,0,0
8778978069670606800,0,0
17937099785350255220,0,0
8853212968806277131,0,0
11293170158998472309,0,0
5672630330003083156,0,0
11792678772077400251,0,0
13203425495941367087,0,0
2777046168664339510,0,0
9883566301241422519,0,0
3180817055735877187,0,0
2337319509047908917,0,0
11488803221529599406,0,0
10230655417771871383,0,0
14255624807422006512,0,0
13935470286463949882,0,0
6719806916282612733,0,0
15181851225038896416,0,0
15136943331198005420,0,0
10151654620273538239,0,0
6768525562272469642,0,0
16224455512959639532,0,0
1927264694010259388,0,0
2660003779270788872,0,0
2365457278792949290,0,0
17496660257979750559,0,0
18132275412888589388,0,0
16735114340995431908,0,0
16963469645372487941,0,0
13109973265142222670,0,0
14201181545626648460,0,0
3155073019262581971,0,0
17172338459919266890,0,0
10725522810199658636,0,0
14158041917293746367,0,0
46662555860262091,0,0
12127127076018749799,0,0
7840541094203018226,0,0
10190444219753091689,0,0
13346821041894165364,0,0
12761707152936827359,0,0
3020681633345341144,0,0
11385708369019511897,0,0
6828780362137615082,0,0
13398332278478797961,0,0
8792355322594851877,0,0
4038438558190666479,0,0
7999549939387939862,0,0
12595098213696623895,0,0
17286755942880697194,0,0
16825265469223579740,0,0
9501255117571322219,0,0
6122175264847002077,0,0
1617360325204522295,0,0
8405540278807347190,0,0
6985928261076022623,0,0
10817965408634654086,0,0
13125143766641421872,0,0
4613654498530197942,0,0
403950643863887055,0,0
2115581009187066284,0,0
13443263366962188618,0,0
17393197907434426234,0,0
16931272234278070953,0,0
13069235109735204293,0,0
1889962280789440288,0,0
6721249825984269342,0,0
1398830947091854094,0,0
10040469062734292170,0,0
2085129451505647492,0,0
14648897875739264380,0,0
2146730858726012529,0,0
1174330814158692746,0,0
1709403060929951937,0,0
13713775024383135047,0,0
14569434496623048205,0,0
1618332784653476077,0,0
1616511921811995553,0,0
12315122942361553133,0,0
13760873892236145290,0,0
13358578861712060907,0,0
8665697021281416654,0,0
2576845831715267386,0,0
1038273708641411924,0,0
6284479135564646560,0,0
15068733770271910087,0,0
9207133839057275882,0,0
17662216311250627192,0,0
7796649439929653995,0,0
5339959275519284473,0,0
15995561520844567232,0,0
11974118566026770087,0,0
3681136622284222764,0,0
4844419872571398844,0,0
11941059443074006557,0,0
8345582304016211553,0,0
14691900224614371905,0,0
3483986919212960063,0,0
3556660778968617506,0,0
8856178350058962066,0,0
11874184446103912196,0,0
6615742999884484894,0,0
14670732636359340006,0,0
10929549983772168201,0,0
9655025328184533547,0,0
16363070391802583494,0,0
16178952345886573298,0,0
2893129249675494396,0,0
10476257456433763144,0,0
530571041427557236,0,0
15511686713236291854,0,0
26383412617294526,0,0
4699730522113060966,0,0
12640111323197988445,0,0
9226340311738400323,0,0
8926438148464249687,0,0
46412145554359855,0,0
10622133522130327470,0,0
14230437981569632810,0,0
13841568606699856386,0,0
12860321243869875601,0,0
4302727392303792042,0,0
10873186940874616287,0,0
14737607321794365970,0,0
18279427708252570325,0,0
1187476453909950888,0,0
3000622863666731987,0,0
10342866770060929957,0,0
5513711700942509015,0,0
7808112254166077233,0,0
126035724067448924,0,0
4774173110039953667,0,0
16561128493201742881,0,0
2684921705491347124,0,0
4370431648261980776,0,0
14063684816139525571,0,0
14553435711691998685,0,0
16354546990135284430,0,0
8722778775002821958,0,0
3842522732715013716,0,0
6207378069851814107,0,0
4548121714403140018,0,0
9428488083846846104,0,0
4121724147760454278,0,0
11030277663164732202,0,0
11625631988147544804,0,0
8459235740428055750,0,0
16407902943096008518,0,0
16545178758005250103,0,0
639177015604417250,0,0
16727958768794589400,0,0
7894941678098608565,0,0
5550908186571394748,0,0
16768963356562581948,0,0
9167015126712437213,0,0
18177394973300714794,0,0
15071223039320409256,0,0
5039857485127169440,0,0
13678056317282259055,0,0
9804824541701137757,0,0
6847733554229343860,0,0
13423343909933805333,0,0
6795916666841417274,0,0
18109582045014426848,0,0
6397751739338250536,0,0
15626650996984032382,0,0
1382205875439111030,0,0
12275020397312353391,0,0
16499594971154692266,0,0
1688904408843897386,0,0
2047868055672662904,0,0
14076417251017308194,0,0
3618443498299659967,0,0
5018761811008070009,0,0
3501538470575915788,0,0
12380362198224520657,0,0
8392350310144668107,0,0
16514280943688822089,0,0
10879453154857693563,0,0
2214941862666885233,0,0
2722163321135564234,0,0
408444821053408704,0,0
11989611258781148468,0,0
12305437651568406354,0,0
8400152181656564367,0,0
13059192947787538167,0,0
3823232738482510602,0,0
16174813220852916312,0,0
16005441312555014312,0,0
1985994406404683453,0,0
13294036126061662965,0,0
5650025470770420992,0,0
11223202520856553021,0,0
16488760662686848572,0,0
12599848836441004423,0,0
587129489271728298,0,0
802508200623753453,0,0
13105562350986206464,0,0
17469361021930548648,0,0
1684423516030257650,0,0
8653362215963388482,0,0
192584241788372549,0,0
4422350228210210922,0,0
8407223368707172049,0,0
5927318331458745760,0,0
14634012355333426085,0,0
10014891830987397331,0,0
15033739489822361444,0,0
5878941049289629363,0,0
505003266814164474,0,0
6525810661795416774,0,0
18426147887252175381,0,0
2803915465615241352,0,0
16210175393873572012,0,0
12644118152007516475,0,0
2053765155576103574,0,0
6929867018059507792,0,0
11507518421751375872,0,0
1958240981107782496,0,0
4803666069636090817,0,0
10475146129336423497,0,0
3476318130488526074,0,0
5793464497818157658,0,0
4067673512569605603,0,0
7011793573542795499,0,0
11862470356385844781,0,0
13546820669990029075,0,0
6834851720160316834,0,0
821688779980916438,0,0
12812346381245599587,0,0
17928342212196234187,0,0
6628143640969980428,0,0
2378932839265966503,0,0
13321123851521148927,0,0
48330280781745826,0,0
5762680593054477871,0,0
10554145952675322443,0,0
6319477554731024022,0,0
6523847821420033319,0,0
2362545140470669512,0,0
17541894211900127829,0,0
14520104978332877030,0,0
14291430200639149574,0,0
16603093282603964543,0,0
6316143293059115672,0,0
11200519128297572983,0,0
15385254728258586416,0,0
3278519560542624526,0,0
1179983231465170880,0,0
14879426436309008385,0,0
7553324809021929517,0,0
3412195418898407267,0,0
17584633957951249267,0,0
11079920969862661032,0,0
5744560880778418477,0,0
976709246767712299,0,0
15158866968336583655,0,0
17093119392444968333,0,0
9073847913090392526,0,0
9716883111072079930,0,0
2168004648800028708,0,0
11438382890161502123,0,0
12597688032564819314,0,0
1773110975889136397,0,0
16970986650555695808,0,0
7654605783971687855,0,0
12021259612890125721,0,0
16891477114668515006,0,0
13897612266483674513,0,0
9223642699389249292,0,0
4475455072795014092,0,0
15333817867665204128,0,0
15458700454681076465,0,0
2094359282309497594,0,0
6783364835342399218,0,0
3806565909754652285,0,0
4661113790035109228,0,0
3837960927043977603,0,0
6385228084622115684,0,0
16354120369801655327,0,0
5363380417651849473,0,0
16076405429310790182,0,0
12804036550258081652,0,0
16432783455353593832,0,0
1671590361735165389,0,0
6455391486618102953,0,0
7046389636240725551,0,0
14901981910576332314,0,0
5331942982394469331,0,0
10451860797862518344,0,0
16162188176671630226,0,0
17196358475512989668,0,0
923696011462559361,0,0
14094778660365151458,0,0
11441406746455536748,0,0
6369728112963934686,0,0
12443874853307628847,0,0
13809272093190765162,0,0
16783448987407928862,0,0
12697664697653012159,0,0
12280319728514845751,0,0
12319831066925016625,0,0
13159763538348302993,0,0
1870948237768731557,0,0
6868137558686774665,0,0
6440563082653473742,0,0
15101830739241795307,0,0
8509329178435273318,0,0
10317237228614309917,0,0
958156023311994489,0,0
15695634235147230480,0,0
6121400163033579531,0,0
6339964806160091626,0,0
8481464996807899532,0,0
982606764372200701,0,0
14377919441193932392,0,0
12156233126577077388,0,0
13470798962582654439,0,0
16134480897038273480,0,0
8778308407258972328,0,0
3761981561755798736,0,0
10547725493979455101,0,0
15716599520432542847,0,0
14781864988164456337,0,0
9282525546902332903,0,0
12948466958599855180,0,0
3246901745341208813,0,0
9604557108367987648,0,0
14474914912561214659,0,0
5919661999165481011,0,0
7570356796731670528,0,0
13096953424859624239,0,0
9977480303167140163,0,0
10292050862071223840,0,0
10754426879197367389,0,0
14058297801313131735,0,0
13624847663854164592,0,0
4751127302978038612,0,0
2953904210664487426,0,0
8208973492189292068,0,0
9934378623249701946,0,0
13852059234881869661,0,0
10640358863230842452,0,0
11731806301633888364,0,0
2040996195751465889,0,0
12691458531027358662,0,0
9457456997791658913,0,0
5866231466607118799,0,0
1532233105891172685,0,0
5128533884142219103,0,0
5715698270114593758,0,0
6680220267625313108,0,0
3618250624428336850,0,0
11516996493006409033,0,0
8158837395000054450,0,0
6891056389608199308,0,0
4256248115736242838,0,0
14537654853088466994,0,0
8968189881647284158,0,0
7001782760201727071,0,0
18219390699633727521,0,0
14905015123728688520,0,0
16578762642106183007,0,0
1619225751757281404,0,0
6456755210169158180,0,0
3913967498637984595,0,0
1782225990516668732,0,0
14480849437388984544,0,0
5709018968319950269,0,0
10801211138036802385,0,0
4597423340605682454,0,0
1145313714712492194,0,0
7414544025088104063,0,0
10314236777029640365,0,0
262233765842484020,0,0
12228120321056537830,0,0
1617532175850844022,0,0
4241924388026972310,0,0
10291209763920617688,0,0
15916114630242634562,0,0
1091893617795703446,0,0
10240550488749212510,0,0
4483686337625101272,0,0
10844338948936193013,0,0
4601840503650540431,0,0
6889131173759542500,0,0
13560917440461987604,0,0
13301748120188946040,0,0
1864751929854217109,0,0
15231823276469045798,0,0
16043862359112157275,0,0
11069885951809559820,0,0
12994163730640342451,0,0
15117467025072131208,0,0
6033550236946101431,0,0
4270487562615620913,0,0
174383820871552726,0,0
1914734156531636813,0,0
5274115895180145461,0,0
8087345911823795962,0,0
13849500254376581414,0,0
12200350201681019251,0,0
12226096131465354059,0,0
4831188879733162662,0,0
3173858832893703271,0,0
15745382302489121121,0,0
3327338062397746574,0,0
1062685137945423031,0,0
24153701343137201,0,0
5942631669622968028,0,0
11861851473614647249,0,0
10743690605473846634,0,0
16949647348564746341,0,0
8469600894900761277,0,0
7579179278092646580,0,0
14455684396971263936,0,0
11575387361679072394,0,0
15503220618309970888,0,0
8455941774531702294,0,0
14954060890177354389,0,0
8929876946890216254,0,0
18100148585149065842,0,0
12822177545002574007,0,0
9746980252037462027,0,0
3573560473089066215,0,0
12233522863590112472,0,0
12893458483930917775,0,0
7084421923492202541,0,0
12083732927943125766,0,0
3910449520372755236,0,0
17110158528475449699,0,0
4367167037957327073,0,0
13181310497799154857,0,0
2072617948540910605,0,0
12215051445766920435,0,0
3244224218077527392,0,0
7610216032715642753,0,0
12443521596736103236,0,0
9674054563635537756,0,0
1776242854810788807,0,0
9133558905244843438,0,0
9374650824650677242,0,0
3384469925306324652,0,0
14539761529410217008,0,0
5580101054721300090,0,0
17449655681503133666,0,0
626514647409686523,0,0
15011531682295570908,0,0
7257034694423923344,0,0
10270876837753899904,0,0
168562447955623593,0,0
11678487644011087879,0,0
17046444568644943058,0,0
17205834264437494065,0,0
14821337703587073734,0,0
10384663515594773695,0,0
497881974765361721,0,0
11729345110087882088,0,0
17025221826181980863,0,0
11547571491891221012,0,0
15368723155802467078,0,0
5658727274331500729,0,0
7710505844160259874,0,0
11510010650435841291,0,0
17683409103797210151,0,0
6880889221290521898,0,0
13767061299475042928,0,0
7214772238663248950,0,0
8636082669859230624,0,0
12553250906999965206,0,0
11241574622204138450,0,0
7202111095592282858,0,0
15132694134998976890,0,0
12802520752125276043,0,0
10458519013552446069,0,0
12366084078382938672,0,0
5729213698787374170,0,0
12257920066298684581,0,0
2512868531337915917,0,0
12115233448664262693,0,0
2343453319062872662,0,0
7014273930769866905,0,0
12877590108803915883,0,0
1829267061606313049,0,0
7850246817212060148,0,0
16513412921450800706,0,0
8257348520563713998,0,0
11041068607032204804,0,0
1427210905426051178,0,0
8093868108054271939,0,0
4339134382868198132,0,0
6067620749105926530,0,0
2162916982503656314,0,0
6534643360551600117,0,0
8309254771473575116,0,0
10377980701305273027,0,0
4146529453501569983,0,0
12926506118895196009,0,0
6965302230015819589,0,0
9158088292031400504,0,0
15983749246313675083,0,0
1881282932429960857,0,0
17833650238943879186,0,0
5114763551237819735,0,0
2955937846625890611,0,0
4639311798747131931,0,0
1572803992615563264,0,0
6855770314282902078,0,0
16974275604555930819,0,0
7430194206967936888,0,0
1796575395141493708,0,0
5450176251775713626,0,0
3241164965153767609,0,0
12685950856212371669,0,0
14248822305452868164,0,0
16645196601960484634,0,0
7175430859149984463,0,0
8075985642942724032,0,0
14030615424955472797,0,0
17746332319654483401,0,0
11941716722846476920,0,0
14870351820852588543,0,0
1218898391986091074,0,0
9283218242986092560,0,0
4810020474718200925,0,0
12199059891891414908,0,0
5563174068910000171,0,0
6881306863269148607,0,0
7689148359188399306,0,0
10655444657808458789,0,0
7313499058485930459,0,0
14742834369143843874,0,0
7489058850402871687,0,0
16865521168345348311,0,0
5276550719248732594,0,0
8609462510007064579,0,0
15635360211325277203,0,0
13016265854619171030,0,0
17787644417937804433,0,0
997055248102065549,0,0
1380541878847684914,0,0
